title,broadcaster,timeslot,air_day,year,season,status,genre,main_cast,あらすじ
  あんぱん,NHK総合,月08:00,月曜日,2025,4月期,airing,朝ドラ,"		
今田美桜、永瀬ゆずな、加瀬亮、江口のりこ",“アンパンマン”を生み出したやなせたかしと暢の夫婦をモデルに、生きる意味も失っていた苦悩の日々と、それでも夢を忘れなかった二人の人生。何者でもなかった二人があらゆる荒波を乗り越え、“逆転しない正義”を体現した『アンパンマン』にたどり着くまでを描き、生きる喜びが全身から湧いてくるような愛と勇気の物語です。
  明日はもっと、い日になる,フジテレビ,月21:00,月曜日,2025,7月期,airing,恋愛、ヒューマン, 福原遥、林遣都、生田絵梨花、小林きな子,
僕達はまだその星の校則を知らない,,,月曜日,2025,,,,,
あおぞらビール,,,月曜日,2025,,,,,
レプリカ,,,月曜日,2025,,,,,
誘拐の日,,,火,2025,,,,,
スティンガース　警視庁おとり捜査...,,,火,2025,,,,,
初恋DOGs,,,火,2025,,,,,
北くんがかわいすぎて手に余るので...,,,火,2025,,,,,
完全不倫-隠す美学、暴く覚悟-,,,火,2025,,,,,
私があなたといる理由～グアムを訪...,,,火,2025,,,,,
トラックガール２,,,火,2025,,,,,
シンデレラ クロゼット,,,火,2025,,,,,
極道上司に愛されたら,,,火,2025,,,,,
大追跡～警視庁SSBC強行犯係,,,水,2025,,,,,
ちはやふる-めぐり-,,,水,2025,,,,,
最後の鑑定人,,,水,2025,,,,,
海老だって鯛が釣りたい,,,水,2025,,,,,
雨上がりの僕らについて,,,水,2025,,,,,
日本統一　東京編,,,水,2025,,,,,
ただの恋愛なんかできっこない,,,水,2025,,,,,
しあわせな結婚,,,木,2025,,,,,
愛の、がっこう。,,,木,2025,,,,,
恋愛禁止,,,木,2025,,,,,
やぶさかではございません,,,木,2025,,,,,
ロンダリング,,,木,2025,,,,,
量産型ルカ-プラモ部員の青き逆襲-,,,木,2025,,,,,
もしも世界に「レンアイ」がなかったら,,,木,2025,,,,,
世界で一番早い春,,,木,2025,,,,,
彩⾹ちゃんは弘⼦先輩に恋してる2nd...,,,木,2025,,,,,
能面検事,,,金,2025,,,,,
DOPE 麻薬取締部捜査課,,,金,2025,,,,,
奪い愛、真夏,,,金,2025,,,,,
40までにしたい10のこと,,,金,2025,,,,,
晩酌の流儀４,,,金,2025,,,,,
ウルトラマンオメガ,,,土,2025,,,,,
放送局占拠,,,土,2025,,,,,
ひとりでしにたい,,,土,2025,,,,,
リベンジ・スパイ,,,土,2025,,,,,
浅草ラスボスおばあちゃん,,,土,2025,,,,,
べらぼう〜蔦重栄華乃夢噺〜,,,日,2025,,,,,
19番目のカルテ,,,日,2025,,,,,
照子と瑠衣,,,日,2025,,,,,
こんばんは、朝山家です。,,,日,2025,,,,,
DOCTOR PRICE,,,日,2025,,,,,
アストリッドとラファエル　文書係...,,,日,2025,,,,,
