2025年7月期,
月,あんぱん
,明日はもっと、いい日になる
,僕達はまだその星の校則を知らない
,あおぞらビール
,レプリカ
火,誘拐の日
,スティンガース　警視庁おとり捜査...
,初恋DOGs
,北くんがかわいすぎて手に余るので...
,完全不倫-隠す美学、暴く覚悟-
,私があなたといる理由～グアムを訪...
,トラックガール２
,シンデレラ クロゼット
,極道上司に愛されたら
水,大追跡～警視庁SSBC強行犯係
,ちはやふる-めぐり-
,最後の鑑定人
,海老だって鯛が釣りたい
,雨上がりの僕らについて
,日本統一　東京編
,ただの恋愛なんかできっこない
木,しあわせな結婚
,愛の、がっこう。
,恋愛禁止
,やぶさかではございません
,ロンダリング
,量産型ルカ-プラモ部員の青き逆襲-
,もしも世界に「レンアイ」がなかったら
,世界で一番早い春
,彩⾹ちゃんは弘⼦先輩に恋してる2nd...
金,能面検事
,DOPE 麻薬取締部捜査課
,奪い愛、真夏
,40までにしたい10のこと
,晩酌の流儀４
土,ウルトラマンオメガ
,放送局占拠
,ひとりでしにたい
,リベンジ・スパイ
,浅草ラスボスおばあちゃん
日,べらぼう〜蔦重栄華乃夢噺〜
,19番目のカルテ
,照子と瑠衣
,こんばんは、朝山家です。
,DOCTOR PRICE
,アストリッドとラファエル　文書係...
